SL No:,Customer,Date,Amount
1,A1,12-Jan-04,496119.3772
2,A1,03-Jan-04,315477.2366
3,A1,15-Jan-04,363777.3823
4,A1,25-Jan-04,420016.2452
5,A1,17-Jan-05,151702.9653
6,A1,23-Feb-05,289650.4072
7,A1,01-Feb-05,16173.74379
8,A8,05-Feb-04,135239.8265
9,A9,28-Feb-05,264336.2571
10,A10,16-Feb-05,110276.9494
11,A11,23-Feb-05,242539.0428
12,A12,03-Feb-05,85289.17465
13,A13,04-Feb-06,457139.9914
14,A14,25-Mar-06,354921.654
15,A15,31-Mar-06,158890.4403
16,A16,23-Mar-06,344072.4533
17,A17,19-Mar-04,455662.4001
18,A18,05-Mar-06,229296.5121
19,A19,04-Apr-05,384283.8407
20,A20,30-Apr-06,272040.139
21,A21,25-Apr-04,472409.619
22,A22,19-Apr-06,314478.9723
23,A23,06-Apr-04,470115.3343
24,A24,27-Apr-05,372932.3185
25,A25,05-May-04,128338.4884
26,A26,06-May-06,27811.57013
27,A27,07-May-05,1550.971583
28,A28,08-May-06,215791.4347
29,A29,09-May-05,116891.6227
30,A30,10-May-06,477067.5455
31,A31,11-Jul-06,464919.4179
32,A32,12-Aug-05,390219.6998
33,A33,13-Sep-04,252685.3107
34,A34,20-Nov-05,487347.9181
35,A35,21-Nov-06,256384.4109
36,A36,22-Nov-05,494442.7117
37,A37,23-Nov-04,28935.686
38,A38,24-May-05,124046.2396
39,A39,25-May-05,248231.3533
40,A40,26-May-05,157964.774
41,A41,27-May-05,428354.0339
42,A42,28-May-05,271982.7911
43,A43,29-May-05,101619.4871
44,A44,30-May-05,457936.8509
45,A45,31-May-05,322273.6306
46,A46,01-Jun-05,218008.9898
47,A47,02-Jun-05,494023.5385
48,A48,03-Jun-05,494485.7775
49,A49,03-Jul-05,420739.2135
50,A50,03-Aug-05,420389.8246
51,A51,03-Sep-05,167471.3679
52,A52,03-Oct-05,216257.7365
53,A53,03-Nov-05,306237.3637
54,A54,03-Dec-05,181348.9873
55,A55,03-Jan-06,345987.9589
56,A56,03-Feb-06,163678.9251
57,A57,03-Mar-06,54717.10774
58,A58,03-Apr-06,245489.279
59,A59,03-May-06,277714.8555
60,A60,03-Jun-06,303322.2635
61,A61,03-Jul-06,362541.8899
62,A60,03-Aug-06,463638.5327
63,A61,03-Sep-06,309767.6948
64,A62,03-Oct-06,137903.4337
65,A63,03-Nov-06,230088.2994
66,A64,03-Dec-06,56517.10582
67,A65,12-Jan-04,435974.8729
68,A66,03-Jan-04,329319.7738
69,A67,15-Jan-04,207046.612
70,A68,25-Jan-04,262729.2791
71,A69,17-Jan-05,375215.6692
72,A70,23-Feb-05,150576.2452
73,A71,01-Feb-05,376938.3016
74,A72,05-Feb-04,142959.5562
75,A73,28-Feb-05,6102.259598
76,A74,16-Feb-05,182764.1184
77,A75,23-Feb-05,111393.4604
78,A76,03-Feb-05,176691.2748
79,A77,04-Feb-06,58164.10889
80,A78,25-Mar-06,75053.74203
81,A79,31-Mar-06,13970.18228
82,A80,23-Mar-06,406964.0445
83,A81,24-Mar-06,411730.3131
84,A82,25-Mar-06,98623.43265
85,A83,26-Mar-06,400276.7982
86,A84,27-Mar-06,140837.8447
87,A85,28-Mar-06,132986.8411
88,A86,29-Mar-06,372970.828
89,A87,30-Mar-06,118362.3798
90,A88,31-Mar-06,66344.12277
91,A89,01-Apr-06,86659.21819
92,A90,02-Apr-06,338610.3787
93,A91,03-Apr-06,378102.4992
94,A92,04-Apr-06,161502.9183
95,A93,12-Jan-04,407564.218
96,A94,03-Jan-04,466374.6501
97,A95,15-Jan-04,83388.82282
98,A96,25-Jan-04,166784.075
99,A97,12-Jan-04,219108.0347
100,A98,03-Jan-04,402270.0296
101,A99,15-Jan-04,333645.8895
102,A100,25-Jan-04,15174.90124
103,A1,12-Jan-04,158920.0266
104,A2,03-Jan-04,304337.0515
105,A3,15-Jan-04,13497.28914
106,A4,25-Jan-04,484630.3229
107,A5,12-Jan-04,30358.7017
108,A6,03-Jan-04,402961.5868
109,A7,15-Jan-04,96733.2962
110,A8,12-Jan-04,417736.6188
111,A9,03-Jan-04,458510.7092
112,A10,15-Jan-04,260781.7315
113,A11,25-Jan-04,414477.0105
114,A12,17-Jan-05,450314.5562
115,A13,23-Feb-05,84769.53103
116,A14,01-Feb-05,341395.4769
117,A1,05-Feb-04,389756.6476
118,A2,28-Feb-05,439102.8611
119,A3,16-Feb-05,19476.25801
120,A4,23-Feb-05,425378.5918
121,A5,03-Feb-05,14.85115774
122,A6,04-Feb-06,492630.6757
123,A7,25-Mar-06,476794.8152
124,A8,31-Mar-06,409109.3153
125,A9,23-Mar-06,370079.8927
126,A10,19-Mar-04,381067.9604
127,A11,05-Mar-06,62154.95979
128,A12,04-Apr-05,455677.2011
129,A13,30-Apr-06,469922.5768
130,A14,25-Apr-04,243451.1051
131,A1,19-Apr-06,314898.2098
132,A2,06-Apr-04,433043.4969
133,A3,27-Apr-05,116032.7957
134,A4,05-May-04,107582.6366
135,A5,06-May-06,25715.11047
136,A6,07-May-05,45510.31988
137,A7,08-May-06,181745.0651
138,A8,09-May-05,329824.8245
139,A9,10-May-06,178664.0358
140,A10,11-Jul-06,237256.0086
141,A11,12-Aug-05,378612.0945
142,A12,13-Sep-04,74937.68812
143,A13,20-Nov-05,4659.157198
144,A14,21-Nov-06,334019.4933
145,A1,22-Nov-05,210573.256
146,A2,23-Nov-04,466818.5558
147,A3,24-May-05,332989.3034
148,A4,25-May-05,278088.2238
149,A5,05-May-04,464885.5367
150,A6,06-May-06,25037.34899
151,A7,07-May-05,468377.8752
152,A8,08-May-06,358783.1761
153,A9,09-May-05,235991.9302
154,A10,10-May-06,122296.6393
155,A11,11-Jul-06,432291.0733
156,A12,12-Aug-05,183851.4331
157,A13,13-Sep-04,396773.8447
158,A14,20-Nov-05,248576.9924
159,A1,21-Nov-06,25589.67643
160,A2,22-Nov-05,114259.9105
161,A3,23-Nov-04,430763.4673
162,A4,24-May-05,80892.41111
163,A5,25-May-05,492732.1254
164,A6,26-May-05,466528.5989
165,A7,27-May-05,148043.3327
166,A8,28-May-05,381845.2023
167,A9,29-May-05,100743.2139
168,A10,30-May-05,44082.88717
169,A11,31-May-05,239268.1544
170,A12,01-Jun-05,231110.0796
171,A13,02-Jun-05,173162.2222
172,A14,03-Jun-05,104331.1171
173,A1,03-Jul-05,156289.6423
174,A2,03-Aug-05,81708.05708
175,A3,03-Sep-05,150590.6335
176,A4,03-Oct-05,384124.1394
177,A5,03-Nov-05,207174.0625
178,A6,03-Dec-05,355508.1777
179,A7,03-Jan-06,279061.4995
180,A8,03-Feb-06,374088.4857
181,A9,03-Mar-06,248982.3779
182,A10,03-Apr-06,380771.6917
183,A11,03-May-06,182639.7498
184,A12,03-Jun-06,351051.051
185,A13,03-Jul-06,125907.545
186,A14,03-Aug-06,270179.0078
187,A1,03-Sep-06,240101.2443
188,A2,03-Oct-06,143604.019
189,A3,03-Nov-06,32966.89789
190,A4,03-Dec-06,44235.28736
191,A5,12-Jan-04,496865.0172
192,A6,03-Jan-04,428182.3153
193,A7,15-Jan-04,12098.25121
194,A8,25-Jan-04,113530.1066
195,A9,17-Jan-05,89800.00659
196,A10,23-Feb-05,489813.2991
197,A11,01-Feb-05,412157.6107
198,A12,05-Feb-04,118610.185
199,A13,28-Feb-05,308228.9342
200,A14,16-Feb-05,51847.76463
201,A1,23-Feb-05,85089.43459
202,A2,03-Feb-05,4776.671682
203,A3,04-Feb-06,306250.1342
204,A4,25-Mar-06,119007.6187
205,A5,31-Mar-06,202410.8726
206,A6,23-Mar-06,409958.7035
207,A7,24-Mar-06,48920.96654
208,A8,25-Mar-06,275407.2685
209,A9,26-Mar-06,299373.0435
210,A10,27-Mar-06,177880.9189
211,A11,28-Mar-06,209953.5908
212,A12,29-Mar-06,125808.9961
213,A13,30-Mar-06,285044.6812
214,A14,31-Mar-06,309713.136
215,A1,01-Apr-06,255276.7905
216,A2,02-Apr-06,461190.5043
217,A3,03-Apr-06,132292.7498
218,A4,04-Apr-06,474461.1996
219,A5,12-Jan-04,2888.736369
220,A6,03-Jan-04,129488.1951
221,A7,15-Jan-04,480580.0251
222,A8,25-Jan-04,275250.1087
223,A9,12-Jan-04,29882.92358
224,A10,03-Jan-04,220516.2355
225,A11,15-Jan-04,8899.276739
226,A12,25-Jan-04,422020.6997
227,A13,12-Jan-04,5705.037017
228,A14,03-Jan-04,465545.2263
229,A1,15-Jan-04,433235.4654
230,A2,25-Jan-04,140779.6626
231,A3,12-Jan-04,388888.707
232,A4,03-Jan-04,112411.9968
233,A5,15-Jan-04,395194.6653
234,A6,12-Jan-04,107399.7602
235,A7,03-Jan-04,417045.1663
236,A8,15-Jan-04,371240.6225
237,A9,25-Jan-04,5571.939326
238,A10,17-Jan-05,131876.0704
239,A11,23-Feb-05,119825.1906
240,A12,01-Feb-05,301536.6996
241,A13,05-Feb-04,288717.8766
242,A14,28-Feb-05,67308.03156
243,A1,16-Feb-05,213227.0909
244,A2,23-Feb-05,472441.4727
245,A3,03-Feb-05,267644.6787
246,A4,04-Feb-06,285459.2175
247,A5,25-Mar-06,206215.7217
248,A6,31-Mar-06,295592.209
249,A7,23-Mar-06,196150.3256
250,A8,19-Mar-04,47368.81346
251,A9,05-Mar-06,393724.097
252,A10,04-Apr-05,447013.6532
253,A11,30-Apr-06,172202.6673
254,A12,25-Apr-04,343898.7656
255,A13,19-Apr-06,327899.2114
256,A14,06-Apr-04,81868.23122
257,A5,27-Apr-05,32578.48678
258,A6,05-May-04,56947.36916
259,A7,06-May-06,328519.8201
260,A8,07-May-05,234735.8334
261,A9,08-May-06,86864.66225
262,A10,09-May-05,84458.3829
263,A11,10-May-06,284927.9952
264,A12,11-Jul-06,38244.18401
265,A13,12-Aug-05,37310.76451
266,A14,05-May-04,90049.46107
267,A15,06-May-06,485562.2999
268,A16,07-May-05,285866.2332
269,A17,08-May-06,63289.56078
270,A18,09-May-05,383810.3558
271,A19,10-May-06,73985.05141
272,A20,11-Jul-06,143793.9182
273,A21,12-Aug-05,125173.8657
274,A22,13-Sep-04,85790.04713
275,A5,20-Nov-05,418344.6314
276,A6,21-Nov-06,323165.7995
277,A7,22-Nov-05,252864.5153
278,A8,23-Nov-04,405545.9263
279,A9,24-May-05,363948.0332
280,A10,25-May-05,498576.7281
281,A11,26-May-05,438981.621
282,A12,27-May-05,482936.0566
283,A13,28-May-05,132240.4017
284,A14,29-May-05,264436.1527
285,A15,30-May-05,441832.3047
286,A16,31-May-05,320172.1146
287,A17,01-Jun-05,232508.1124
288,A18,02-Jun-05,111836.1602
289,A19,03-Jun-05,157850.0074
290,A20,03-Jul-05,387882.0497
291,A21,03-Aug-05,317987.5679
292,A22,03-Sep-05,461388.3185
293,A5,03-Oct-05,101965.5591
294,A6,03-Nov-05,116990.9977
295,A7,03-Dec-05,270781.999
296,A8,03-Jan-06,8432.874081
297,A9,03-Feb-06,271043.8014
298,A10,03-Mar-06,186414.3735
299,A11,03-Apr-06,246730.2946
300,A12,03-May-06,42743.91994
301,A13,03-Jun-06,334969.2272
302,A14,03-Jul-06,162252.1894
303,A15,03-Aug-06,363060.8204
304,A16,03-Sep-06,425577.8876
305,A17,03-Oct-06,457677.3475
306,A18,03-Nov-06,189834.5398
307,A19,03-Dec-06,488309.6857
308,A20,12-Jan-04,496265.0102
309,A21,03-Jan-04,271898.9626
310,A22,15-Jan-04,475175.6595
311,A5,25-Jan-04,299875.625
312,A6,17-Jan-05,319736.0361
313,A7,23-Feb-05,370861.9611
314,A8,01-Feb-05,121859.4793
315,A9,05-Feb-04,200163.1592
316,A10,28-Feb-05,228559.3638
317,A11,16-Feb-05,248590.5351
318,A12,23-Feb-05,88029.85143
319,A13,03-Feb-05,140859.8661
320,A14,04-Feb-06,268791.2716
321,A15,25-Mar-06,184197.773
322,A16,31-Mar-06,415611.6525
323,A17,23-Mar-06,194380.4407
324,A18,24-Mar-06,367686.3359
325,A19,25-Mar-06,267481.7456
326,A20,26-Mar-06,236822.8395
327,A21,27-Mar-06,309698.7146
328,A22,28-Mar-06,240557.2375
329,A5,29-Mar-06,465109.7186
330,A6,30-Mar-06,485424.1956
331,A7,31-Mar-06,37449.27924
332,A8,01-Apr-06,338769.7543
333,A9,02-Apr-06,61499.38458
334,A10,03-Apr-06,275133.9454
335,A11,04-Apr-06,422555.1854
336,A12,12-Jan-04,142887.4406
337,A13,03-Jan-04,318146.2334
338,A14,15-Jan-04,271060.9856
339,A15,25-Jan-04,327670.4628
340,A16,12-Jan-04,423496.1552
341,A17,03-Jan-04,238122.2258
342,A18,15-Jan-04,306957.872
343,A19,25-Jan-04,123435.4732
344,A20,12-Jan-04,287567.0073
345,A21,03-Jan-04,417672.5689
346,A22,15-Jan-04,110567.6786
347,A5,25-Jan-04,242751.7908
348,A6,12-Jan-04,20562.78186
349,A7,03-Jan-04,291019.6132
350,A8,15-Jan-04,321950.5149
351,A9,12-Jan-04,268310.1086
352,A10,03-Jan-04,217354.2706
353,A11,15-Jan-04,201800.8719
354,A12,25-Jan-04,279172.9763
355,A13,17-Jan-05,437035.9648
356,A14,23-Feb-05,461216.2996
357,A15,01-Feb-05,394779.1656
358,A16,05-Feb-04,163509.7837
359,A17,28-Feb-05,287600.8786
360,A18,16-Feb-05,264539.077
361,A19,23-Feb-05,454039.9477
362,A20,03-Feb-05,431465.447
363,A21,04-Feb-06,299115.5215
364,A22,25-Mar-06,48417.27946
365,A12,31-Mar-06,146806.535
366,A13,23-Mar-06,252046.7498
367,A14,19-Mar-04,464723.6158
368,A15,05-Mar-06,191883.7127
369,A16,04-Apr-05,137349.1678
370,A17,30-Apr-06,170641.2843
371,A18,25-Apr-04,307271.352
372,A19,19-Apr-06,476612.2434
373,A20,06-Apr-04,33418.12775
374,A21,27-Apr-05,48230.49744
375,A22,05-May-04,138818.477
376,A23,06-May-06,381923.3136
377,A24,07-May-05,50843.85486
378,A25,08-May-06,131319.4546
379,A26,09-May-05,170285.6132
380,A27,10-May-06,380731.7954
381,A28,11-Jul-06,303132.944
382,A29,12-Aug-05,345655.4074
383,A30,05-May-04,8116.530349
384,A12,06-May-06,20679.33611
385,A13,07-May-05,249581.1282
386,A14,08-May-06,20011.45034
387,A15,09-May-05,484127.1676
388,A16,10-May-06,81656.88463
389,A17,11-Jul-06,149429.9484
390,A18,12-Aug-05,323394.7907
391,A19,13-Sep-04,287122.5251
392,A20,20-Nov-05,285788.9076
393,A21,21-Nov-06,360248.1252
394,A22,22-Nov-05,44155.01911
395,A23,23-Nov-04,283596.6337
396,A24,24-May-05,432975.4013
397,A25,25-May-05,189063.0878
398,A26,26-May-05,55330.2894
399,A27,27-May-05,166133.531
400,A28,28-May-05,316934.1261
401,A29,29-May-05,181220.3602
402,A30,30-May-05,161894.634
403,A12,31-May-05,242163.8545
404,A13,01-Jun-05,168060.4086
405,A14,02-Jun-05,111587.694
406,A15,03-Jun-05,25338.93329
407,A16,03-Jul-05,321151.941
408,A17,03-Aug-05,262655.0301
409,A18,03-Sep-05,86315.78977
410,A19,03-Oct-05,473566.4574
411,A20,03-Nov-05,219471.8807
412,A21,03-Dec-05,214815.463
413,A22,03-Jan-06,315987.7699
414,A23,03-Feb-06,67203.71366
415,A24,03-Mar-06,405111.5338
416,A25,03-Apr-06,466170.7098
417,A26,03-May-06,9030.43741
418,A27,03-Jun-06,80746.50626
419,A28,03-Jul-06,183400.1689
420,A29,03-Aug-06,444622.2449
421,A30,03-Sep-06,360542.9079
422,A12,03-Oct-06,71642.64052
423,A13,03-Nov-06,259407.2236
424,A14,03-Dec-06,158897.5917
425,A15,12-Jan-04,163051.166
426,A16,03-Jan-04,250590.5012
427,A17,15-Jan-04,146854.7553
428,A18,25-Jan-04,219122.5492
429,A19,17-Jan-05,80709.06546
430,A20,23-Feb-05,83769.30864
431,A21,01-Feb-05,344540.7562
432,A22,05-Feb-04,77674.34242
433,A23,28-Feb-05,200276.3315
434,A24,16-Feb-05,470813.598
435,A25,23-Feb-05,169030.8099
436,A26,03-Feb-05,468472.8394
437,A27,04-Feb-06,458446.0475
438,A28,25-Mar-06,212772.1495
439,A29,31-Mar-06,42431.16557
440,A30,23-Mar-06,299459.1184
441,A12,24-Mar-06,409296.6951
442,A13,25-Mar-06,292612.5262
443,A14,26-Mar-06,174343.9903
444,A15,27-Mar-06,135969.158
445,A16,28-Mar-06,85239.18701
446,A17,29-Mar-06,127475.8423
447,A18,30-Mar-06,331156.4624
448,A19,31-Mar-06,165347.2592
449,A20,01-Apr-06,394663.0209
450,A21,02-Apr-06,190083.3701
451,A22,03-Apr-06,429692.6248
452,A23,04-Apr-06,307200.0509
453,A24,12-Jan-04,95653.87195
454,A25,03-Jan-04,375900.0957
455,A26,15-Jan-04,488897.1096
456,A27,25-Jan-04,13135.74826
457,A28,12-Jan-04,70463.45439
458,A29,03-Jan-04,238801.4275
459,A30,15-Jan-04,201809.9102
460,A12,25-Jan-04,400156.3195
461,A13,12-Jan-04,326283.9802
462,A14,03-Jan-04,80383.17591
463,A15,15-Jan-04,297053.8286
464,A16,25-Jan-04,320209.442
465,A17,12-Jan-04,403085.9895
466,A18,03-Jan-04,97703.95078
467,A19,15-Jan-04,209227.2588
468,A20,12-Jan-04,488031.3663
469,A21,03-Jan-04,499600.8451
470,A22,15-Jan-04,401043.8235
471,A23,25-Jan-04,46604.27765
472,A24,17-Jan-05,80792.21072
473,A25,23-Feb-05,471214.528
474,A26,01-Feb-05,455665.1814
475,A27,05-Feb-04,13465.77292
476,A28,28-Feb-05,69260.98747
477,A29,16-Feb-05,379344.4211
478,A30,23-Feb-05,183464.7495
479,A12,03-Feb-05,88647.95838
480,A13,04-Feb-06,311508.2608
481,A14,25-Mar-06,362895.4944
482,A15,31-Mar-06,110383.1557
483,A16,23-Mar-06,221881.6475
484,A17,19-Mar-04,371938.9858
485,A18,05-Mar-06,392387.3165
486,A19,04-Apr-05,409279.0479
487,A20,30-Apr-06,141661.7977
488,A21,25-Apr-04,348154.8386
489,A22,19-Apr-06,41980.23343
490,A23,06-Apr-04,347974.8818
491,A24,27-Apr-05,329106.0097
492,A25,05-May-04,123136.0142
493,A26,06-May-06,279530.0793
494,A27,07-May-05,303937.2988
495,A28,08-May-06,40952.10469
496,A29,09-May-05,122376.1757
497,A30,10-May-06,29035.63091
498,A12,11-Jul-06,474304.4732
499,A13,12-Aug-05,287369.1588
500,A14,05-May-04,203827.5448
501,A15,06-May-06,300553.1606
502,A16,07-May-05,283067.534
503,A17,08-May-06,429668.2344
504,A18,09-May-05,408209.6992
505,A19,10-May-06,306755.6779
506,A20,11-Jul-06,302998.5343
507,A21,12-Aug-05,312159.8563
508,A22,13-Sep-04,136284.4286
509,A23,20-Nov-05,37234.7749
510,A24,21-Nov-06,81776.67032
511,A25,22-Nov-05,16800.41718
512,A26,23-Nov-04,357499.0923
513,A27,24-May-05,230644.9924
514,A28,25-May-05,418337.058
515,A29,26-May-05,199160.3451
516,A30,27-May-05,147635.0831
517,A12,28-May-05,41858.08573
518,A13,29-May-05,173987.6039
519,A14,30-May-05,221421.4072
520,A15,31-May-05,354795.1877
521,A16,01-Jun-05,65478.34248
522,A17,02-Jun-05,349465.2331
523,A18,03-Jun-05,362965.2518
524,A19,03-Jul-05,185711.7025
525,A20,03-Aug-05,152393.0618
526,A21,03-Sep-05,173452.195
527,A22,03-Oct-05,224731.4011
528,A23,03-Nov-05,394984.3937
529,A24,03-Dec-05,364290.7689
530,A25,03-Jan-06,455899.5607
531,A26,03-Feb-06,480956.8866
532,A27,03-Mar-06,25863.19595
533,A28,03-Apr-06,110278.0279
534,A29,03-May-06,56691.97326
535,A30,03-Jun-06,373599.1639
536,A12,03-Jul-06,76011.70326
537,A13,03-Aug-06,342318.4041
538,A14,03-Sep-06,281035.461
539,A15,03-Oct-06,283393.7241
540,A16,03-Nov-06,73679.68715
541,A17,03-Dec-06,146879.3256
542,A18,12-Jan-04,330101.7231
543,A19,03-Jan-04,363828.5161
544,A20,15-Jan-04,130447.6856
545,A21,25-Jan-04,450203.7261
546,A22,17-Jan-05,429888.6304
547,A23,23-Feb-05,218701.8768
548,A24,01-Feb-05,12394.66287
549,A25,05-Feb-04,116117.1459
550,A26,28-Feb-05,15948.69739
551,A27,16-Feb-05,307287.0075
552,A28,23-Feb-05,417413.9215
553,A29,03-Feb-05,95730.06399
554,A30,04-Feb-06,124803.387
555,A12,25-Mar-06,422821.6432
556,A13,31-Mar-06,258099.3986
557,A14,23-Mar-06,295480.9996
558,A15,24-Mar-06,229454.5581
559,A16,25-Mar-06,423578.1976
560,A17,26-Mar-06,229324.6214
561,A18,27-Mar-06,121819.3748
562,A19,28-Mar-06,117009.0298
563,A20,29-Mar-06,484172.6174
564,A21,30-Mar-06,284872.8196
565,A22,31-Mar-06,476506.2558
566,A23,01-Apr-06,478535.3415
567,A24,02-Apr-06,117876.6733
568,A25,03-Apr-06,474019.6971
569,A26,04-Apr-06,214439.0261
570,A27,12-Jan-04,438407.3445
571,A28,03-Jan-04,314479.0319
572,A29,15-Jan-04,12124.95405
573,A30,25-Jan-04,2684.771998
574,A12,12-Jan-04,486532.4456
575,A13,03-Jan-04,35258.48417
576,A14,15-Jan-04,166530.9607
577,A15,25-Jan-04,458096.4173
578,A16,12-Jan-04,144449.2863
579,A17,03-Jan-04,478576.1031
580,A18,15-Jan-04,296440.1793
581,A19,25-Jan-04,147171.3825
582,A20,12-Jan-04,495524.9287
583,A21,03-Jan-04,428913.4748
584,A22,15-Jan-04,342972.5694
585,A23,12-Jan-04,407192.657
586,A24,03-Jan-04,423831.4022
587,A25,15-Jan-04,181820.6073
588,A26,25-Jan-04,220978.5773
589,A27,17-Jan-05,65143.99038
590,A28,23-Feb-05,198577.1018
591,A29,01-Feb-05,221576.9924
592,A30,05-Feb-04,288785.7608
593,A12,28-Feb-05,49475.82023
594,A13,16-Feb-05,337006.475
595,A14,23-Feb-05,309992.1233
596,A15,03-Feb-05,124361.4189
597,A16,04-Feb-06,87884.52363
598,A17,25-Mar-06,348424.7487
599,A18,31-Mar-06,434993.2845
600,A19,23-Mar-06,122300.1321
601,A20,19-Mar-04,194362.4271
602,A21,05-Mar-06,323600.2044
603,A22,04-Apr-05,478490.9525
604,A23,30-Apr-06,385902.1297
605,A24,25-Apr-04,496087.5232
606,A25,19-Apr-06,306754.0408
607,A26,06-Apr-04,166770.1054
608,A27,27-Apr-05,164807.9601
609,A28,05-May-04,37389.52344
610,A29,06-May-06,459776.5629
611,A30,07-May-05,320950.1317
612,A21,08-May-06,329778.7814
613,A22,09-May-05,70140.66847
614,A23,10-May-06,497319.5737
615,A24,11-Jul-06,53809.54386
616,A25,12-Aug-05,496905.5403
617,A26,05-May-04,224053.0887
618,A27,06-May-06,47856.3638
619,A28,07-May-05,91759.23279
620,A29,08-May-06,114016.4397
621,A30,09-May-05,352539.6818
622,A31,10-May-06,414196.0541
623,A32,11-Jul-06,409293.0552
624,A33,12-Aug-05,420610.4759
625,A34,13-Sep-04,469005.24
626,A35,20-Nov-05,305973.6927
627,A36,21-Nov-06,331378.1467
628,A37,22-Nov-05,68243.18868
629,A38,23-Nov-04,272886.4493
630,A39,24-May-05,19877.63681
631,A40,25-May-05,261598.7138
632,A41,26-May-05,50606.3607
633,A42,27-May-05,238737.0514
634,A43,28-May-05,141723.0841
635,A44,29-May-05,267746.6325
636,A45,30-May-05,478459.5709
637,A46,31-May-05,222110.8553
638,A47,01-Jun-05,65197.35727
639,A48,02-Jun-05,10655.86963
640,A49,03-Jun-05,468905.801
641,A21,03-Jul-05,328696.1008
642,A22,03-Aug-05,395544.7627
643,A23,03-Sep-05,453038.9202
644,A24,03-Oct-05,160033.7182
645,A25,03-Nov-05,179398.9359
646,A26,03-Dec-05,99655.78729
647,A27,03-Jan-06,301562.504
648,A28,03-Feb-06,34684.23966
649,A29,03-Mar-06,107996.7096
650,A30,03-Apr-06,198593.8545
651,A31,03-May-06,454223.0801
652,A32,03-Jun-06,36345.40596
653,A33,03-Jul-06,388436.2542
654,A34,03-Aug-06,308106.7851
655,A35,03-Sep-06,308799.0432
656,A36,03-Oct-06,232934.7158
657,A37,03-Nov-06,367649.114
658,A38,03-Dec-06,171940.0228
659,A39,12-Jan-04,75429.92352
660,A40,03-Jan-04,11774.89855
661,A41,15-Jan-04,372509.5933
662,A42,25-Jan-04,73234.90704
663,A43,17-Jan-05,327299.0662
664,A44,23-Feb-05,495955.6236
665,A45,01-Feb-05,318126.7826
666,A46,05-Feb-04,422898.2179
667,A47,28-Feb-05,265675.7779
668,A48,16-Feb-05,460705.6271
669,A49,23-Feb-05,309634.4162
670,A21,03-Feb-05,328306.7703
671,A22,04-Feb-06,23860.80826
672,A23,25-Mar-06,326524.6178
673,A24,31-Mar-06,399095.505
674,A25,23-Mar-06,71410.72087
675,A26,24-Mar-06,273060.8637
676,A27,25-Mar-06,391312.3633
677,A28,26-Mar-06,360620.1475
678,A29,27-Mar-06,9969.525582
679,A30,28-Mar-06,198153.7142
680,A31,29-Mar-06,158278.3411
681,A32,30-Mar-06,320615.7486
682,A33,31-Mar-06,219595.7759
683,A34,01-Apr-06,147706.8132
684,A35,02-Apr-06,247688.862
685,A36,03-Apr-06,24696.47718
686,A37,04-Apr-06,91000.53429
687,A38,12-Jan-04,256517.8885
688,A39,03-Jan-04,320311.5512
689,A40,15-Jan-04,131215.8598
690,A41,25-Jan-04,13445.23971
691,A42,12-Jan-04,247829.1395
692,A43,03-Jan-04,445033.588
693,A44,15-Jan-04,415265.175
694,A45,25-Jan-04,274206.3597
695,A46,12-Jan-04,121704.8054
696,A47,03-Jan-04,75642.21088
697,A48,15-Jan-04,194158.4455
698,A49,25-Jan-04,452727.9566
699,A21,12-Jan-04,33817.47474
700,A22,03-Jan-04,109453.1696
701,A23,15-Jan-04,270632.3227
702,A24,12-Jan-04,208269.87
703,A25,03-Jan-04,433411.086
704,A26,15-Jan-04,81408.60975
705,A27,25-Jan-04,128292.1712
706,A28,17-Jan-05,76422.92177
707,A29,23-Feb-05,226623.367
708,A30,01-Feb-05,341844.1999
709,A31,05-Feb-04,45916.15019
710,A32,28-Feb-05,388825.6567
711,A33,16-Feb-05,72230.40809
712,A34,23-Feb-05,251743.3849
713,A35,03-Feb-05,302534.9691
714,A36,04-Feb-06,268656.6423
715,A37,25-Mar-06,484544.2978
716,A38,31-Mar-06,11289.38443
717,A39,23-Mar-06,79698.285
718,A40,19-Mar-04,206812.5391
719,A41,05-Mar-06,49753.9145
720,A42,04-Apr-05,248152.8834
721,A43,30-Apr-06,451456.4617
722,A44,25-Apr-04,36710.22582
723,A45,19-Apr-06,171820.5624
724,A46,06-Apr-04,42906.363
725,A47,27-Apr-05,356251.2645
726,A48,05-May-04,268329.9297
727,A49,06-May-06,174490.7557
728,A21,07-May-05,344348.3979
729,A22,08-May-06,446478.681
730,A23,09-May-05,450176.0398
731,A24,10-May-06,355964.2519
732,A25,11-Jul-06,211417.6901
733,A26,12-Aug-05,24154.86577
734,A27,05-May-04,342091.8211
735,A28,06-May-06,107665.8105
736,A29,07-May-05,377699.177
737,A30,08-May-06,352407.2844
738,A31,09-May-05,240405.8463
739,A32,10-May-06,391560.6183
740,A33,11-Jul-06,290726.0664
741,A34,12-Aug-05,365840.3099
742,A35,13-Sep-04,57357.19057
743,A36,20-Nov-05,160739.5495
744,A37,21-Nov-06,200410.3278
745,A38,22-Nov-05,131265.7931
746,A39,23-Nov-04,193150.3722
747,A40,24-May-05,165303.7998
748,A41,25-May-05,425279.7035
749,A42,26-May-05,482730.6976
750,A43,27-May-05,369591.6461
751,A44,28-May-05,246073.6811
752,A45,29-May-05,409182.4682
753,A46,30-May-05,222278.5001
754,A47,31-May-05,408131.7404
755,A48,01-Jun-05,241243.5908
756,A49,02-Jun-05,425226.4236
757,A21,03-Jun-05,94578.95941
758,A22,03-Jul-05,134953.5551
759,A23,03-Aug-05,171208.1707
760,A24,03-Sep-05,237320.5662
761,A25,03-Oct-05,20077.01723
762,A26,03-Nov-05,208495.6985
763,A27,03-Dec-05,316212.8808
764,A28,03-Jan-06,145797.9696
765,A29,03-Feb-06,326975.4089
766,A30,03-Mar-06,108277.0714
767,A31,03-Apr-06,366876.9155
768,A32,03-May-06,37278.04127
769,A33,03-Jun-06,279156.2562
770,A34,03-Jul-06,186186.2998
771,A35,03-Aug-06,455457.197
772,A36,03-Sep-06,327732.691
773,A37,03-Oct-06,131655.5112
774,A38,03-Nov-06,391829.0812
775,A39,03-Dec-06,414425.6434
776,A40,12-Jan-04,299711.2591
777,A41,03-Jan-04,283809.1337
778,A42,15-Jan-04,39564.72994
779,A43,25-Jan-04,202798.2042
780,A44,17-Jan-05,10440.70454
781,A45,23-Feb-05,292282.3106
782,A46,01-Feb-05,447039.6416
783,A47,05-Feb-04,95363.88882
784,A48,28-Feb-05,367959.5485
785,A49,16-Feb-05,430155.134
786,A21,23-Feb-05,393813.3138
787,A22,03-Feb-05,39327.96909
788,A23,04-Feb-06,387805.6592
789,A24,25-Mar-06,46431.67784
790,A25,31-Mar-06,294888.9245
791,A26,23-Mar-06,499854.1402
792,A27,24-Mar-06,285966.422
793,A28,25-Mar-06,153058.6707
794,A29,26-Mar-06,285573.8764
795,A30,27-Mar-06,80120.85976
796,A31,28-Mar-06,140952.4143
797,A32,29-Mar-06,8802.245731
798,A33,30-Mar-06,166736.1102
799,A34,31-Mar-06,355835.172
800,A35,01-Apr-06,306009.4344
801,A36,02-Apr-06,28400.61172
802,A37,03-Apr-06,375498.4721
803,A38,04-Apr-06,449629.946
804,A39,12-Jan-04,481691.7334
805,A40,03-Jan-04,155992.9523
806,A41,15-Jan-04,153709.722
807,A42,25-Jan-04,410204.9734
808,A43,12-Jan-04,91154.5447
809,A44,03-Jan-04,98828.0222
810,A45,15-Jan-04,88819.29761
811,A46,25-Jan-04,193421.2947
812,A47,12-Jan-04,151833.9142
813,A48,03-Jan-04,342155.3548
814,A49,15-Jan-04,438604.2609
815,A21,25-Jan-04,312602.1083
816,A22,12-Jan-04,390798.0128
817,A23,03-Jan-04,3737.898139
818,A24,15-Jan-04,167490.2808
819,A25,12-Jan-04,441977.46
820,A26,03-Jan-04,216905.9539
821,A27,15-Jan-04,215228.5509
822,A28,25-Jan-04,140293.35
823,A29,17-Jan-05,8873.825816
824,A30,23-Feb-05,92922.80311
825,A31,01-Feb-05,437173.4987
826,A32,05-Feb-04,1432.606676
827,A33,28-Feb-05,103450.8443
828,A34,16-Feb-05,492162.9311
829,A35,23-Feb-05,256390.2087
830,A36,03-Feb-05,199563.8
831,A37,04-Feb-06,3386.158703
832,A38,25-Mar-06,71343.54577
833,A39,31-Mar-06,444420.1458
834,A40,23-Mar-06,159182.3619
835,A41,19-Mar-04,270423.5721
836,A42,05-Mar-06,477640.494
837,A43,04-Apr-05,248989.857
838,A44,30-Apr-06,239861.7517
839,A45,25-Apr-04,310290.1365
840,A46,19-Apr-06,47097.40024
841,A47,06-Apr-04,202140.5189
842,A48,27-Apr-05,319029.2658
843,A49,05-May-04,255626.5127
844,A21,06-May-06,8715.960227
845,A22,07-May-05,134187.3052
846,A23,08-May-06,405170.7115
847,A24,09-May-05,15987.19892
848,A25,10-May-06,390083.755
849,A26,11-Jul-06,88732.58664
850,A27,12-Aug-05,19233.66514
851,A28,05-May-04,35213.94603
852,A29,06-May-06,458315.5473
853,A30,07-May-05,150989.7837
854,A31,08-May-06,278035.4749
855,A32,09-May-05,439112.5805
856,A33,10-May-06,212220.3276
857,A34,11-Jul-06,164893.273
858,A35,12-Aug-05,316731.6625
859,A36,13-Sep-04,391507.7181
860,A37,20-Nov-05,70355.59111
861,A38,21-Nov-06,32338.79393
862,A39,22-Nov-05,417796.8508
863,A40,23-Nov-04,499443.1543
864,A41,24-May-05,429402.8889
865,A42,25-May-05,145108.5763
866,A43,26-May-05,449049.7521
867,A44,27-May-05,399561.3404
868,A45,28-May-05,466510.5236
869,A46,29-May-05,486267.6946
870,A47,30-May-05,370703.0156
871,A48,31-May-05,290687.7663
872,A49,01-Jun-05,445084.9312
873,A21,02-Jun-05,486112.6699
874,A22,03-Jun-05,443482.8556
875,A23,03-Jul-05,144866.459
876,A24,03-Aug-05,405088.6666
877,A25,03-Sep-05,290280.5779
878,A26,03-Oct-05,89388.90334
879,A27,03-Nov-05,430694.3746
880,A28,03-Dec-05,393054.0241
881,A29,03-Jan-06,108975.4364
882,A30,03-Feb-06,212545.6683
883,A31,03-Mar-06,129888.416
884,A32,03-Apr-06,83677.13728
885,A33,03-May-06,15334.06914
886,A34,03-Jun-06,483515.3669
887,A35,03-Jul-06,35891.1915
888,A36,03-Aug-06,120171.7832
889,A37,03-Sep-06,165880.1582
890,A38,03-Oct-06,191281.3123
891,A39,03-Nov-06,184056.7049
892,A40,03-Dec-06,174432.4705
893,A41,12-Jan-04,482771.9131
894,A42,03-Jan-04,294312.7469
895,A43,15-Jan-04,331803.7582
896,A44,25-Jan-04,24152.51577
897,A45,17-Jan-05,78010.36838
898,A46,23-Feb-05,446413.0463
899,A47,01-Feb-05,379382.9573
900,A48,05-Feb-04,495560.5442
901,A49,28-Feb-05,438306.0161
902,A21,16-Feb-05,493002.2512
903,A22,23-Feb-05,325712.9445
904,A23,03-Feb-05,167067.9502
905,A24,04-Feb-06,34000.51236
906,A25,25-Mar-06,449967.507
907,A26,31-Mar-06,416039.4768
908,A27,23-Mar-06,430930.5345
909,A28,24-Mar-06,407150.1896
910,A29,25-Mar-06,25182.25622
911,A30,26-Mar-06,140114.7869
912,A31,27-Mar-06,392645.5515
913,A32,28-Mar-06,358864.2361
914,A33,29-Mar-06,397460.9451
915,A34,30-Mar-06,255727.6961
916,A35,31-Mar-06,448120.5817
917,A36,01-Apr-06,347560.7146
918,A37,02-Apr-06,470214.4426
919,A38,03-Apr-06,168775.2101
920,A39,04-Apr-06,444591.2313
921,A40,12-Jan-04,337950.7924
922,A41,03-Jan-04,318784.8384
923,A42,15-Jan-04,424912.0116
924,A43,25-Jan-04,458303.8567
925,A44,12-Jan-04,168292.6984
926,A45,03-Jan-04,409323.5895
927,A46,15-Jan-04,387384.4208
928,A47,25-Jan-04,78409.49108
929,A48,12-Jan-04,129444.8275
930,A49,03-Jan-04,279826.1608
931,A21,15-Jan-04,259651.1085
932,A22,25-Jan-04,173963.6941
933,A23,12-Jan-04,471421.0617
934,A24,03-Jan-04,389503.084
935,A25,15-Jan-04,454605.7581
936,A26,12-Jan-04,333066.5862
937,A27,03-Jan-04,390073.1288
938,A28,15-Jan-04,120228.3356
939,A29,25-Jan-04,111404.602
940,A30,17-Jan-05,123830.4211
941,A31,23-Feb-05,35092.99291
942,A32,01-Feb-05,28040.33007
943,A33,05-Feb-04,423192.2316
944,A34,28-Feb-05,117621.7229
945,A35,16-Feb-05,293024.9655
946,A36,23-Feb-05,151028.2951
947,A37,03-Feb-05,460812.373
948,A38,04-Feb-06,290516.4237
949,A39,25-Mar-06,237269.768
950,A40,31-Mar-06,316588.6979
951,A41,23-Mar-06,18778.62981
952,A42,19-Mar-04,353929.4892
953,A43,05-Mar-06,80218.63134
954,A44,04-Apr-05,467418.1534
955,A45,30-Apr-06,88012.43823
956,A46,25-Apr-04,153543.5322
957,A47,19-Apr-06,423904.8316
958,A48,06-Apr-04,205467.4848
959,A49,27-Apr-05,444113.0737
960,A21,05-May-04,475549.258
961,A22,06-May-06,322004.8552
962,A23,07-May-05,216824.6183
963,A24,08-May-06,410361.3432
964,A25,09-May-05,233959.2388
965,A26,10-May-06,396185.5478
966,A27,11-Jul-06,73014.59608
967,A28,12-Aug-05,424190.4617
968,A29,05-May-04,489508.3301
969,A30,06-May-06,18065.13701
970,A31,07-May-05,253781.0647
971,A32,08-May-06,324431.948
972,A33,09-May-05,327025.6741
973,A34,10-May-06,82327.68493
974,A35,11-Jul-06,322961.2526
975,A36,12-Aug-05,404830.2559
976,A37,13-Sep-04,386773.8863
977,A38,20-Nov-05,69430.90505
978,A39,21-Nov-06,467419.5962
979,A40,22-Nov-05,23299.30963
980,A41,23-Nov-04,461618.9208
981,A42,24-May-05,248918.6019
982,A43,25-May-05,324237.5912
983,A44,26-May-05,254290.7585
984,A45,27-May-05,236420.1639
985,A46,28-May-05,56386.53323
986,A47,29-May-05,397806.4207
987,A48,30-May-05,196102.2084
988,A49,31-May-05,403067.1311
989,A36,01-Jun-05,350273.9401
990,A37,02-Jun-05,80916.82825
991,A38,03-Jun-05,57432.27873
992,A39,03-Jul-05,463583.463
993,A40,03-Aug-05,456652.0341
994,A41,03-Sep-05,473325.4608
995,A42,03-Oct-05,168094.0008
996,A43,03-Nov-05,216681.8136
997,A44,03-Dec-05,173333.5286
998,A45,03-Jan-06,76977.38172
999,A46,03-Feb-06,154511.4807
1000,A47,03-Mar-06,157243.9995
1001,A48,03-Apr-06,390907.0474
1002,A49,03-May-06,325812.0515
1003,A50,03-Jun-06,20952.76086
1004,A51,03-Jul-06,22785.66066
1005,A52,03-Aug-06,467496.3961
1006,A53,03-Sep-06,419912.1063
1007,A54,03-Oct-06,135252.0799
1008,A55,03-Nov-06,91971.75747
1009,A56,03-Dec-06,496070.0644
1010,A57,12-Jan-04,301201.9325
1011,A58,03-Jan-04,156714.6173
1012,A59,15-Jan-04,258724.9142
1013,A60,25-Jan-04,381794.9477
1014,A61,17-Jan-05,182418.3595
1015,A60,23-Feb-05,209967.4491
1016,A61,01-Feb-05,164818.6684
1017,A62,05-Feb-04,451124.966
1018,A36,28-Feb-05,133890.7392
1019,A37,16-Feb-05,101410.5571
1020,A38,23-Feb-05,371987.9886
1021,A39,03-Feb-05,111691.2753
1022,A40,04-Feb-06,65853.01709
1023,A41,25-Mar-06,461775.0106
1024,A42,31-Mar-06,472533.7503
1025,A43,23-Mar-06,166668.1748
1026,A44,24-Mar-06,116439.7012
1027,A45,25-Mar-06,20874.16651
1028,A46,26-Mar-06,303354.9433
1029,A47,27-Mar-06,371554.245
1030,A48,28-Mar-06,484806.39
1031,A49,29-Mar-06,407448.2181
1032,A50,30-Mar-06,83142.21187
1033,A51,31-Mar-06,206324.9792
1034,A52,01-Apr-06,136325.6632
1035,A53,02-Apr-06,186979.0042
1036,A54,03-Apr-06,468350.3573
1037,A55,04-Apr-06,488392.6823
1038,A56,12-Jan-04,321064.9666
1039,A57,03-Jan-04,14983.4663
1040,A58,15-Jan-04,484428.2201
1041,A59,25-Jan-04,149570.4158
1042,A60,12-Jan-04,3745.568765
1043,A61,03-Jan-04,477798.5527
1044,A60,15-Jan-04,225134.8652
1045,A61,25-Jan-04,434145.2594
1046,A62,12-Jan-04,307994.66
1047,A36,03-Jan-04,67062.36213
1048,A37,15-Jan-04,13272.51333
1049,A38,25-Jan-04,323920.1834
1050,A39,12-Jan-04,325621.5297
1051,A40,03-Jan-04,24885.04396
1052,A41,15-Jan-04,263547.4094
1053,A42,12-Jan-04,401188.3963
1054,A43,03-Jan-04,282113.6619
1055,A44,15-Jan-04,294487.6172
1056,A45,25-Jan-04,95992.31276
1057,A46,17-Jan-05,472982.3658
1058,A47,23-Feb-05,188501.9153
1059,A48,01-Feb-05,289498.242
1060,A49,05-Feb-04,139.4060853
1061,A50,28-Feb-05,66281.15487
1062,A51,16-Feb-05,116000.6625
1063,A52,23-Feb-05,393030.0775
1064,A53,03-Feb-05,304979.6951
1065,A54,04-Feb-06,23933.95985
1066,A55,25-Mar-06,63231.58169
1067,A56,31-Mar-06,166530.8797
1068,A57,23-Mar-06,421725.3999
1069,A58,19-Mar-04,230617.0886
1070,A59,05-Mar-06,175323.8839
1071,A60,04-Apr-05,132928.6244
1072,A61,30-Apr-06,191648.959
1073,A60,25-Apr-04,332336.506
1074,A61,19-Apr-06,456322.7076
1075,A62,06-Apr-04,325265.5845
1076,A36,27-Apr-05,281268.772
1077,A37,05-May-04,332597.9159
1078,A38,06-May-06,417245.7364
1079,A39,07-May-05,490999.9752
1080,A40,08-May-06,365431.4506
1081,A41,09-May-05,181953.0039
1082,A42,10-May-06,130976.4315
1083,A43,11-Jul-06,163749.1631
1084,A44,12-Aug-05,240745.7477
1085,A45,05-May-04,72679.03415
1086,A46,06-May-06,382821.0528
1087,A47,07-May-05,363818.3631
1088,A48,08-May-06,145023.0004
1089,A49,09-May-05,359554.0676
1090,A50,10-May-06,477853.3602
1091,A51,11-Jul-06,75162.985
1092,A52,12-Aug-05,336514.853
1093,A53,13-Sep-04,299261.7229
1094,A54,20-Nov-05,227001.2967
1095,A55,21-Nov-06,58365.12214
1096,A56,22-Nov-05,338795.1876
1097,A57,23-Nov-04,100874.0734
1098,A58,24-May-05,437231.7537
1099,A59,25-May-05,374888.1015
1100,A60,26-May-05,26909.86758
1101,A61,27-May-05,349054.4811
1102,A60,28-May-05,107730.2718
1103,A61,29-May-05,389139.4844
1104,A62,30-May-05,257134.4583
1105,A36,31-May-05,441630.2778
1106,A37,01-Jun-05,29342.93474
1107,A38,02-Jun-05,75449.72383
1108,A39,03-Jun-05,141869.9337
1109,A40,03-Jul-05,183377.5994
1110,A41,03-Aug-05,487135.2405
1111,A42,03-Sep-05,479473.6527
1112,A43,03-Oct-05,499829.0043
1113,A44,03-Nov-05,410451.5578
1114,A45,03-Dec-05,327719.1007
1115,A46,03-Jan-06,48304.32985
1116,A47,03-Feb-06,197607.2945
1117,A48,03-Mar-06,287431.6498
1118,A49,03-Apr-06,67063.70436
1119,A50,03-May-06,199343.0573
1120,A51,03-Jun-06,449223.6278
1121,A52,03-Jul-06,464197.0816
1122,A53,03-Aug-06,123859.6298
1123,A54,03-Sep-06,303613.2067
1124,A55,03-Oct-06,69745.77059
1125,A56,03-Nov-06,153262.1754
1126,A57,03-Dec-06,14522.6356
1127,A58,12-Jan-04,410984.7508
1128,A59,03-Jan-04,340331.4128
1129,A60,15-Jan-04,19987.47489
1130,A61,25-Jan-04,298846.7505
1131,A60,17-Jan-05,126645.5748
1132,A61,23-Feb-05,305609.3688
1133,A62,01-Feb-05,460340.846
1134,A36,05-Feb-04,49693.435
1135,A37,28-Feb-05,15268.77859
1136,A38,16-Feb-05,407871.1056
1137,A39,23-Feb-05,406380.4411
1138,A40,03-Feb-05,359462.1172
1139,A41,04-Feb-06,375970.332
1140,A42,25-Mar-06,216872.8062
1141,A43,31-Mar-06,194641.8933
1142,A44,23-Mar-06,391423.5886
1143,A45,24-Mar-06,215263.7314
1144,A46,25-Mar-06,118355.9662
1145,A47,26-Mar-06,265340.9655
1146,A48,27-Mar-06,110382.2422
1147,A49,28-Mar-06,467226.5038
1148,A50,29-Mar-06,314426.4095
1149,A51,30-Mar-06,384274.1379
1150,A52,31-Mar-06,499150.9258
1151,A53,01-Apr-06,170603.2207
1152,A54,02-Apr-06,234007.4399
1153,A55,03-Apr-06,335167.8604
1154,A56,04-Apr-06,247656.3779
1155,A57,12-Jan-04,398057.5431
1156,A58,03-Jan-04,440779.5253
1157,A59,15-Jan-04,212857.6112
1158,A60,25-Jan-04,169117.4319
1159,A61,12-Jan-04,409970.8357
1160,A60,03-Jan-04,74928.97626
1161,A61,15-Jan-04,206618.9287
1162,A62,25-Jan-04,337390.2744
1163,A36,12-Jan-04,468944.5019
1164,A37,03-Jan-04,194116.2408
1165,A38,15-Jan-04,273604.2286
1166,A39,25-Jan-04,35878.89764
1167,A40,12-Jan-04,17149.64835
1168,A41,03-Jan-04,43738.79393
1169,A42,15-Jan-04,202978.5589
1170,A43,12-Jan-04,33670.96537
1171,A44,03-Jan-04,344808.7435
1172,A45,15-Jan-04,213161.5247
1173,A46,25-Jan-04,179527.3987
1174,A47,17-Jan-05,161700.2536
1175,A48,23-Feb-05,202941.3612
1176,A49,01-Feb-05,75234.03126
1177,A50,05-Feb-04,114729.8501
1178,A51,28-Feb-05,279372.3858
1179,A52,16-Feb-05,54091.17329
1180,A53,23-Feb-05,281937.1127
1181,A54,03-Feb-05,56494.09555
1182,A55,04-Feb-06,446088.3265
1183,A56,25-Mar-06,472348.223
1184,A57,31-Mar-06,250837.2551
1185,A58,23-Mar-06,192774.844
1186,A59,19-Mar-04,177217.9324
1187,A60,05-Mar-06,322365.1128
1188,A61,04-Apr-05,388934.1619
1189,A60,30-Apr-06,464287.4095
1190,A61,25-Apr-04,110473.8027
1191,A62,19-Apr-06,351702.0206
1192,A36,06-Apr-04,417809.2308
1193,A37,27-Apr-05,41466.91208
1194,A38,05-May-04,231161.1095
1195,A39,06-May-06,197798.9394
1196,A40,07-May-05,129382.9178
1197,A41,08-May-06,25524.88384
1198,A42,09-May-05,102089.7085
1199,A43,10-May-06,145062.5857
1200,A44,11-Jul-06,6338.858582
1201,A45,12-Aug-05,277432.9116
1202,A46,17-Jan-05,489768.0127
1203,A47,23-Feb-05,363855.1225
1204,A48,01-Feb-05,81785.46483
1205,A49,05-Feb-04,119836.8559
1206,A50,28-Feb-05,108988.5121
1207,A51,16-Feb-05,54023.3496
1208,A52,23-Feb-05,67754.12148
1209,A53,03-Feb-05,175492.6444
1210,A54,04-Feb-06,231495.0525
1211,A55,25-Mar-06,68214.32988
1212,A56,31-Mar-06,338443.2423
1213,A57,23-Mar-06,308785.9496
1214,A58,19-Mar-04,163713.6548
1215,A59,05-Mar-06,57358.46682
1216,A60,04-Apr-05,164105.122
1217,A61,30-Apr-06,420004.2805
1218,A60,25-Apr-04,283146.7774
1219,A61,19-Apr-06,142072.9732
1220,A62,06-Apr-04,411059.2027
1221,A36,27-Apr-05,150484.8491
1222,A37,05-May-04,330771.3307
1223,A38,06-May-06,4928.819886
1224,A39,07-May-05,365236.4965
1225,A40,08-May-06,244561.8352
1226,A41,09-May-05,3956.703602
1227,A42,10-May-06,277920.5628
1228,A43,11-Jul-06,186298.2854
1229,A44,12-Aug-05,438525.4364
1230,A45,13-Sep-04,234715.7231
1231,A46,20-Nov-05,382275.686
1232,A47,21-Nov-06,335669.0742
1233,A48,22-Nov-05,192312.5417
1234,A49,23-Nov-04,212070.9488
1235,A50,24-May-05,426238.3831
1236,A51,25-May-05,17414.12457
1237,A52,26-May-05,168159.9789
1238,A53,27-May-05,447286.3245
1239,A54,28-May-05,484379.7664
1240,A55,29-May-05,159370.9305
1241,A56,30-May-05,271812.8623
1242,A57,31-May-05,291883.7666
1243,A58,01-Jun-05,98088.47599
1244,A59,02-Jun-05,469509.1365
1245,A60,03-Jun-05,163305.5134
1246,A61,03-Jul-05,247874.8341
1247,A60,03-Aug-05,83495.28541
1248,A61,03-Sep-05,447194.9281
1249,A62,03-Oct-05,377961.2742
1250,A36,03-Nov-05,482862.7632
1251,A37,03-Dec-05,492749.1481
1252,A38,03-Jan-06,178897.4827
1253,A39,03-Feb-06,158605.8366
1254,A40,03-Mar-06,387463.4176
1255,A41,03-Apr-06,88520.66863
1256,A42,03-May-06,432861.5113
1257,A43,03-Jun-06,205828.2406
1258,A44,03-Jul-06,497494.4001
1259,A45,03-Aug-06,68018.44358
1260,A46,03-Sep-06,190200.1784
1261,A47,03-Oct-06,247184.9766
1262,A48,03-Nov-06,6556.716264
1263,A49,03-Dec-06,469974.4901
1264,A50,12-Jan-04,154205.1977
1265,A51,03-Jan-04,385669.214
1266,A52,15-Jan-04,284940.65
1267,A53,25-Jan-04,231944.6319
1268,A54,17-Jan-05,274369.5718
1269,A55,23-Feb-05,163510.4018
1270,A56,01-Feb-05,356372.8129
1271,A57,05-Feb-04,9268.718619
1272,A58,28-Feb-05,25705.99798
1273,A59,16-Feb-05,443861.0387
1274,A60,23-Feb-05,355827.2533
1275,A61,03-Feb-05,423324.9954
1276,A60,04-Feb-06,101692.244
1277,A61,25-Mar-06,434493.2534
1278,A62,31-Mar-06,307548.0979
1279,A36,23-Mar-06,398005.6634
1280,A37,24-Mar-06,397662.1491
1281,A38,25-Mar-06,181338.4876
1282,A39,26-Mar-06,66345.22754
1283,A40,27-Mar-06,16427.69964
1284,A41,28-Mar-06,470988.1019
1285,A42,29-Mar-06,313274.3768
1286,A43,30-Mar-06,141305.9191
1287,A44,31-Mar-06,463848.4703
1288,A45,01-Apr-06,303844.953
1289,A46,02-Apr-06,27599.93258
1290,A47,03-Apr-06,253153.2751
1291,A48,04-Apr-06,165444.317
1292,A49,12-Jan-04,103197.2723
1293,A50,03-Jan-04,10628.89391
1294,A51,15-Jan-04,50634.06172
1295,A52,25-Jan-04,30357.7165
1296,A53,12-Jan-04,376459.9676
1297,A54,03-Jan-04,205536.6102
1298,A55,15-Jan-04,104073.5246
1299,A56,25-Jan-04,19975.65737
1300,A57,12-Jan-04,433412.4424
1301,A58,03-Jan-04,241708.026
1302,A59,15-Jan-04,59986.78443
1303,A60,25-Jan-04,158800.7356
1304,A61,12-Jan-04,43921.97825
1305,A60,03-Jan-04,228289.1869
1306,A61,15-Jan-04,432871.7076
1307,A62,12-Jan-04,362759.2591
1308,A36,03-Jan-04,449886.6577
1309,A37,15-Jan-04,131667.9902
1310,A38,25-Jan-04,234798.7801
1311,A39,17-Jan-05,259011.0355
1312,A40,23-Feb-05,91070.51896
1313,A41,01-Feb-05,133212.3033
1314,A42,05-Feb-04,428458.7276
1315,A43,28-Feb-05,168635.4624
1316,A44,16-Feb-05,212238.6785
1317,A45,23-Feb-05,129423.2167
1318,A46,03-Feb-05,124209.2469
1319,A47,04-Feb-06,48295.61515
1320,A48,25-Mar-06,25175.75789
1321,A49,31-Mar-06,357831.2807
1322,A50,23-Mar-06,476702.196
1323,A51,19-Mar-04,338319.676
1324,A52,05-Mar-06,381515.3773
1325,A53,04-Apr-05,42977.91441
1326,A54,30-Apr-06,228867.9784
1327,A55,25-Apr-04,252268.8822
1328,A56,19-Apr-06,368630.4896
1329,A57,06-Apr-04,14461.9322
1330,A58,27-Apr-05,333711.5232
1331,A59,05-May-04,301221.1759
1332,A60,06-May-06,312862.6467
1333,A61,07-May-05,273375.7042
1334,A60,08-May-06,251864.9293
1335,A61,09-May-05,222956.7173
1336,A62,10-May-06,292213.7412
1337,A36,11-Jul-06,151817.1206
1338,A37,12-Aug-05,128236.5099
1339,A38,13-Sep-04,23879.74027
1340,A39,20-Nov-05,383333.6089
1341,A40,21-Nov-06,491535.1998
1342,A41,22-Nov-05,61735.63568
1343,A42,23-Nov-04,363901.0996
1344,A43,24-May-05,370722.5274
1345,A44,25-May-05,318434.1932
1346,A45,05-May-04,486425.396
1347,A46,06-May-06,157972.707
1348,A47,07-May-05,337611.8229
1349,A48,08-May-06,496240.7809
1350,A49,09-May-05,477247.3126
1351,A50,10-May-06,475595.3251
1352,A51,11-Jul-06,178849.5232
1353,A52,12-Aug-05,160076.1485
1354,A53,13-Sep-04,49871.83308
1355,A54,20-Nov-05,6693.775832
1356,A55,21-Nov-06,290048.1559
1357,A56,22-Nov-05,307598.0225
1358,A57,23-Nov-04,81744.68869
1359,A58,24-May-05,230628.3051
1360,A59,25-May-05,324492.7135
1361,A60,26-May-05,277474.4592
1362,A61,27-May-05,263022.8539
1363,A60,17-Jan-05,149467.6
1364,A61,23-Feb-05,85430.8573
1365,A62,01-Feb-05,454357.7731
1366,A36,05-Feb-04,81985.68518
1367,A37,28-Feb-05,106162.2037
1368,A38,16-Feb-05,10194.71406
1369,A39,23-Feb-05,86764.60942
1370,A40,03-Feb-05,380803.8317
1371,A41,04-Feb-06,203147.2214
1372,A42,25-Mar-06,24023.40939
1373,A43,31-Mar-06,213311.6788
1374,A44,23-Mar-06,81967.27304
1375,A45,19-Mar-04,192985.7733
1376,A46,05-Mar-06,304596.7538
1377,A47,04-Apr-05,351746.9665
1378,A48,30-Apr-06,125656.9416
1379,A49,25-Apr-04,347254.3796
1380,A50,19-Apr-06,412813.3699
1381,A51,06-Apr-04,10259.83904
1382,A52,27-Apr-05,467042.4113
1383,A53,05-May-04,373821.7931
1384,A54,06-May-06,272067.2404
1385,A55,07-May-05,496994.5142
1386,A56,08-May-06,217335.1109
1387,A57,09-May-05,267830.802
1388,A58,10-May-06,28145.57945
1389,A59,11-Jul-06,71309.06285
1390,A60,12-Aug-05,272388.3933
1391,A61,13-Sep-04,204538.4527
1392,A60,20-Nov-05,210962.9047
1393,A61,21-Nov-06,227883.5438
1394,A62,22-Nov-05,11084.66248
1395,A36,23-Nov-04,242150.2741
1396,A37,24-May-05,285061.3977
1397,A38,25-May-05,296506.8555
1398,A39,26-May-05,210090.4084
1399,A40,27-May-05,179299.7292
1400,A41,28-May-05,211509.9466
1401,A42,29-May-05,243727.9533
1402,A43,30-May-05,337603.1523
1403,A44,31-May-05,163783.3175
1404,A45,01-Jun-05,248518.639
1405,A46,02-Jun-05,442127.2665
1406,A47,03-Jun-05,172285.5569
1407,A48,03-Jul-05,117992.2505
1408,A49,03-Aug-05,400730.2434
1409,A50,03-Sep-05,488836.7342
1410,A51,03-Oct-05,327132.8512
1411,A52,03-Nov-05,135523.1944
1412,A53,03-Dec-05,267263.7736
1413,A54,03-Jan-06,219056.2318
1414,A55,03-Feb-06,440327.0492
1415,A56,03-Mar-06,378543.8013
1416,A57,03-Apr-06,60123.06057
1417,A58,03-May-06,324873.7351
1418,A59,03-Jun-06,376429.6837
1419,A60,03-Jul-06,497262.5955
1420,A61,03-Aug-06,424594.4185
1421,A60,03-Sep-06,70641.00433
1422,A61,03-Oct-06,453849.258
1423,A62,03-Nov-06,470832.2946
1424,A36,03-Dec-06,24228.42858
1425,A37,12-Jan-04,264216.1936
1426,A38,03-Jan-04,161595.6069
1427,A39,15-Jan-04,143877.7416
1428,A40,25-Jan-04,230384.504
1429,A41,17-Jan-05,338297.844
1430,A42,23-Feb-05,130884.2372
1431,A43,01-Feb-05,343438.6609
1432,A44,05-Feb-04,177583.4574
1433,A45,28-Feb-05,373274.8974
1434,A46,16-Feb-05,328056.278
1435,A47,23-Feb-05,455501.3027
1436,A48,03-Feb-05,227691.0991
1437,A49,04-Feb-06,18318.27229
1438,A50,25-Mar-06,129648.3573
1439,A51,31-Mar-06,132525.2889
1440,A52,23-Mar-06,345609.2695
1441,A53,24-Mar-06,37256.85217
1442,A54,25-Mar-06,253128.5877
1443,A55,26-Mar-06,8266.780738
1444,A56,27-Mar-06,350538.4488
1445,A57,28-Mar-06,185576.9771
1446,A58,29-Mar-06,386578.3268
1447,A59,30-Mar-06,226917.63
1448,A60,31-Mar-06,110073.0769
1449,A61,01-Apr-06,361509.9766
1450,A60,02-Apr-06,245296.4479
1451,A61,03-Apr-06,447756.616
1452,A62,04-Apr-06,37353.38832
1453,A63,12-Jan-04,17134.72214
1454,A36,03-Jan-04,385280.0471
1455,A37,15-Jan-04,473200.1665
1456,A38,25-Jan-04,468066.241
1457,A39,12-Jan-04,29190.532
1458,A40,03-Jan-04,196092.2953
1459,A41,15-Jan-04,398226.7027
1460,A42,25-Jan-04,438638.3506
1461,A43,12-Jan-04,356332.1241
1462,A44,03-Jan-04,69047.08316
1463,A45,15-Jan-04,338597.99
1464,A46,25-Jan-04,429221.8282
1465,A47,12-Jan-04,119103.4274
1466,A48,03-Jan-04,193807.4701
1467,A49,15-Jan-04,179223.0755
1468,A50,12-Jan-04,361746.577
1469,A51,03-Jan-04,154154.3545
1470,A52,15-Jan-04,394036.7491
1471,A53,25-Jan-04,84302.21352
1472,A54,17-Jan-05,52711.48277
1473,A55,23-Feb-05,111901.8872
1474,A56,01-Feb-05,404670.048
1475,A57,05-Feb-04,418511.2552
1476,A58,28-Feb-05,129768.393
1477,A59,16-Feb-05,203527.6274
1478,A60,23-Feb-05,134083.1967
1479,A61,03-Feb-05,148021.0046
1480,A60,04-Feb-06,364164.2482
1481,A61,25-Mar-06,273592.5371
1482,A62,31-Mar-06,271105.4602
1483,A56,23-Mar-06,226642.1561
1484,A57,19-Mar-04,40572.77967
1485,A58,05-Mar-06,33975.80273
1486,A59,04-Apr-05,208851.6677
1487,A60,30-Apr-06,252521.1263
1488,A61,25-Apr-04,169133.4282
1489,A60,19-Apr-06,105604.6534
1490,A61,06-Apr-04,384140.3454
1491,A62,27-Apr-05,143728.814
1492,A63,05-May-04,43453.20245
1493,A64,06-May-06,223076.7285
1494,A65,07-May-05,363477.5011
1495,A66,08-May-06,269763.4579
1496,A67,09-May-05,265931.0317
1497,A68,10-May-06,325988.1313
1498,A69,11-Jul-06,167239.5918
1499,A70,12-Aug-05,321057.8613
1500,A71,13-Sep-04,320417.2728
